query,work,composer,hash,n_B,p_q_excl_A,count_excl_A,pred_occurrences,obs_occurrences,pred_works,obs_works
0,dcml_abc-n07op59-1,beethoven_l,7154234861506525088,246,9.082384780937484e-05,121,72.73478536102893,121,56.797206745242065,52
1,dcml_mozart_sonatas-K281,mozart_wa,3670244862319782681,231,1.005376709293746e-05,15,9.491137722538298,15,9.120378996649382,4
2,dcml-beethoven_piano_sonatas-op-22,beethoven_l,4094360367770551381,246,7.155501944469425e-07,0,0.9505403525376116,0,0.9470869666366072,0
3,kern-humdrum-haydn-quartets-op17n5,haydn_fj,6092250630597275959,216,5.785906267791844e-07,0,1.0474310079704738,0,1.0403786333908287,0
4,osq-5108909,schubert_f,1766574540482285632,288,4.947050909581163e-07,0,0.9628993243766315,0,0.9584410883591056,0
5,dcml_abc-n09op59-3,beethoven_l,236929638794183133,246,7.155501944469425e-07,0,0.9505403525376116,0,0.9470869666366072,0
6,dcml_abc-n05op18-5,beethoven_l,7971132240624112807,246,7.155501944469425e-07,0,0.9505403525376116,0,0.9470869666366072,0
7,musedata_mozart-bhl-qrtets-k589,mozart_wa,15094056217641100168,231,6.052477544538431e-07,0,1.0468659958651148,0,1.03911745968519,0
8,musedata_beethoven-bhl-orch-sym1,beethoven_l,12029846966742145020,246,2.2049435434540155e-06,2,2.256960770760731,2,2.2329882369796517,2
9,musedata_mozart-bhl-conc-k271,mozart_wa,3968772331688480021,231,0.0005045262791402468,800,531.8352513440509,800,158.54342532086375,110
10,dcml-beethoven_piano_sonatas-op-57,beethoven_l,17001997413025850070,246,0.00039242600098330705,526,359.10774585695634,526,153.6006794721755,53
11,kern-humdrum-haydn-quartets-op33n4,haydn_fj,2225020141683883849,216,5.785906267791844e-07,0,1.0474310079704738,0,1.0403786333908287,0
12,kern-humdrum-haydn-symphonies-sym101,haydn_fj,1267006934118586113,216,2.346060746109412e-05,38,25.671516607338898,38,22.247925357799915,5
13,musedata_mozart-bhl-conc-k466,mozart_wa,17054964850937280521,231,6.052477544538431e-07,0,1.0468659958651148,0,1.03911745968519,0
14,musedata_beethoven-bhl-orch-sym7,beethoven_l,7684822917720272153,246,7.155501944469425e-07,0,0.9505403525376116,0,0.9470869666366072,0
15,dcml_mozart_sonatas-K281,mozart_wa,10446147022491468280,231,3.7547542006150487e-06,5,3.8616232380895084,5,3.7966154490667616,2
16,kern-beethoven-piano-sonatas-sonata27,beethoven_l,10803418882132551059,246,0.0009889280372606397,1327,900.0759744883946,1327,202.42829637514765,77
17,musedata_mozart-bhl-qrtets-k370,mozart_wa,1701328006742844829,231,6.052477544538431e-07,0,1.0468659958651148,0,1.03911745968519,0
18,musedata_mozart-bhl-qrtets-k285,mozart_wa,14428872071876781015,231,6.052477544538431e-07,0,1.0468659958651148,0,1.03911745968519,0
19,kern-humdrum-haydn-quartets-op71n3,haydn_fj,3097293016279630747,216,5.785906267791844e-07,0,1.0474310079704738,0,1.0403786333908287,0
20,kern-humdrum-haydn-symphonies-sym100,haydn_fj,8071657746295554117,216,1.2019599043936653e-05,19,13.123280687819763,19,12.277722764440218,13
21,kern-humdrum-haydn-quartets-op77n2,haydn_fj,9236130745599265207,216,5.785906267791844e-07,0,1.0474310079704738,0,1.0403786333908287,0
22,musedata_mozart-bhl-conc-k622,mozart_wa,2779154325225159215,231,6.052477544538431e-07,0,1.0468659958651148,0,1.03911745968519,0
23,musedata_beethoven-bhl-conc-violin,beethoven_l,11185099478490614731,246,0.03636648825622564,48833,30592.069611683513,48833,245.5724577026417,179
24,musedata_mozart-bhl-qrtets-k172,mozart_wa,16197786778504066959,231,6.052477544538431e-07,0,1.0468659958651148,0,1.03911745968519,0
25,dcml-kozeluh_sonatas-op-17-no-1,kozeluch_l,10544949537208031952,297,4.655521583167073e-07,0,0.9264627110341267,0,0.9226400526484356,0
26,musedata_beethoven-bhl-orch-sym8,beethoven_l,14313692609412329530,246,4.8376137362673264e-05,64,42.394069001247345,64,36.64172033176686,19
27,osq-5108729,gossec_fj,1462702675557138893,304,4.595941960439058e-07,0,0.9193714773483935,0,0.9156845691569278,0
28,musedata_mozart-bhl-conc-k450,mozart_wa,5090944420870650516,231,6.052477544538431e-07,0,1.0468659958651148,0,1.03911745968519,0
29,musedata_beethoven-bhl-orch-sym6,beethoven_l,13721151356651970294,246,4.390795731565205e-05,58,35.538053660025405,58,31.094651819991796,19
30,musedata_mozart-nma-sym-k43,mozart_wa,13841404174617843719,231,0.00040059256641692694,635,419.3379219704053,635,146.21231616165068,91
31,dcml-beethoven_piano_sonatas-op-53,beethoven_l,18305368214151041174,246,3.6943368924610882e-06,4,3.108220003122292,4,3.065832777281581,4
32,musedata_beethoven-bhl-orch-sym9,beethoven_l,8991631641483999918,246,2.2049435434540155e-06,2,2.256960770760731,2,2.2329882369796517,1
33,musedata_mozart-bhl-conc-k450,mozart_wa,8637212653016503593,231,6.052477544538431e-07,0,1.0468659958651148,0,1.03911745968519,0
34,dcml-kozeluh_sonatas-op-10-no-1,kozeluch_l,7501484835351352977,297,1.4345831132292715e-06,2,2.4800475637900794,2,2.4468635047729506,2
35,musedata_beethoven-bhl-orch-sym1,beethoven_l,8264376112919494876,246,0.00014816549174614713,198,138.6039718407104,198,91.22633544432,72
36,musedata_mozart-bhl-qrtets-k370,mozart_wa,15077813762605514634,231,6.052477544538431e-07,0,1.0468659958651148,0,1.03911745968519,0
37,kern-humdrum-haydn-quartets-op55n2,haydn_fj,462327935981145403,216,2.1051974110113602e-05,34,22.365976677785422,34,20.12497932119098,15
38,dcml-beethoven_piano_sonatas-op-10-1,beethoven_l,11480388474139142365,246,1.4602468689504787e-06,1,1.9309650113513328,1,1.9166571343534045,1
39,osq-5108909,schubert_f,11770656265712966074,288,1.0095609864012355e-06,1,1.5055130860148527,1,1.4975280867610334,1
40,dcml-beethoven_piano_sonatas-op-27-1,beethoven_l,6684035197061309914,246,0.00030901997343891097,414,289.0501500772016,414,139.06514959980223,106
41,dcml-cpe_bach_keyboard-wq117n13,bach_cpe,11014589826569171688,271,4.6920066997681484e-07,0,0.9329779210056072,0,0.9290623947287598,0
42,kern-humdrum-haydn-symphonies-sym102,haydn_fj,18393813864822966287,216,5.785906267791844e-07,0,1.0474310079704738,0,1.0403786333908287,0
43,kern-humdrum-haydn-quartets-op64n3,haydn_fj,15883361305857544597,216,5.785906267791844e-07,0,1.0474310079704738,0,1.0403786333908287,0
44,musedata_mozart-nma-sym-k45,mozart_wa,2355059962871086999,231,6.052477544538431e-07,0,1.0468659958651148,0,1.03911745968519,0
45,dcml_abc-n14op131,beethoven_l,18207364549488308068,246,1.4602468689504787e-06,1,1.8501517680251158,1,1.836815609456601,1
46,dcml_abc-n02op18-2,beethoven_l,12107047427064549431,246,7.155501944469425e-07,0,0.9505403525376116,0,0.9470869666366072,0
47,dcml_abc-n15op132,beethoven_l,11379584286865703963,246,7.155501944469425e-07,0,0.9505403525376116,0,0.9470869666366072,0
48,kern-humdrum-haydn-symphonies-sym100,haydn_fj,17324819380679724761,216,5.785906267791844e-07,0,1.0474310079704738,0,1.0403786333908287,0
49,osq-5116349,arriaga_jc,8942966689877010268,302,1.4324679766881617e-06,2,2.0204340346212675,2,2.0076793343166726,1
50,dcml-beethoven_piano_sonatas-op-110,beethoven_l,14298340066842436713,246,3.6943368924610882e-06,4,3.108220003122292,4,3.065832777281581,2
51,kern-humdrum-haydn-symphonies-sym101,haydn_fj,8658613387404361537,216,1.984765743462334e-05,32,20.47237568650178,32,18.721873943756314,10
52,dcml_mozart_sonatas-K457,mozart_wa,3583661485227438291,231,6.052477544538431e-07,0,1.0468659958651148,0,1.03911745968519,0
53,osq-5108909,schubert_f,11795067275911018803,288,0.0006481834215584022,1258,914.4401057718057,1258,226.1404291810423,200
54,kern-humdrum-haydn-quartets-op71n1,haydn_fj,6610286562383265605,216,5.785906267791844e-07,0,1.0474310079704738,0,1.0403786333908287,0
55,kern-humdrum-haydn-quartets-op54n1,haydn_fj,107848137463227094,216,3.589382315504834e-06,5,5.378634335288621,5,5.1522150603974515,4
56,osq-5116346,arriaga_jc,11813789050793240196,302,4.6486575236868824e-07,0,0.9256458459041002,0,0.9218473974436125,0
57,kern-beethoven-piano-sonatas-sonata27,beethoven_l,15170396102668432366,246,7.155501944469425e-07,0,0.9505403525376116,0,0.9470869666366072,0
58,musedata_mozart-bhl-conc-k453,mozart_wa,3449274569349698519,231,6.052477544538431e-07,0,1.0468659958651148,0,1.03911745968519,0
59,musedata_beethoven-bhl-orch-sym2,beethoven_l,3897674789453400540,246,7.155501944469425e-07,0,0.9505403525376116,0,0.9470869666366072,0
60,musedata_beethoven-bhl-orch-sym9,beethoven_l,5649157034055091046,246,7.155501944469425e-07,0,0.9505403525376116,0,0.9470869666366072,0
61,dcml_abc-n10op74,beethoven_l,1989170331682337013,246,7.155501944469425e-07,0,0.9505403525376116,0,0.9470869666366072,0
62,musedata_beethoven-bhl-orch-sym8,beethoven_l,11185099478490614731,246,0.03636648825622564,48833,30592.069611683513,48833,245.5724577026417,179
63,musedata_mozart-bhl-qrtets-k285,mozart_wa,10854024840505956090,231,0.0005423203564941812,860,594.9379233963547,860,167.73364304873564,137
64,kern-humdrum-haydn-symphonies-sym102,haydn_fj,7098739074317881793,216,5.785906267791844e-07,0,1.0474310079704738,0,1.0403786333908287,0
65,kern-humdrum-haydn-symphonies-sym101,haydn_fj,18193891147960501725,216,7.804490679720744e-06,12,10.211880020643065,12,9.553663713457327,7
66,dcml-jc_bach_sonatas-op-17,bach_jc,8822513502776632817,303,4.660846463197258e-07,0,0.9275247506788965,0,0.9237116352665123,0
67,kern-humdrum-haydn-quartets-op74n3,haydn_fj,1044640463552326987,216,5.785906267791844e-07,0,1.0474310079704738,0,1.0403786333908287,0
68,kern-humdrum-haydn-quartets-op74n2,haydn_fj,12117696511486710779,216,5.785906267791844e-07,0,1.0474310079704738,0,1.0403786333908287,0
69,dcml_abc-n04op18-4,beethoven_l,5336655267738235414,246,7.155501944469425e-07,0,0.9505403525376116,0,0.9470869666366072,0
70,dcml-jc_bach_sonatas-op-17,bach_jc,14742291255198126180,303,4.660846463197258e-07,0,0.9275247506788965,0,0.9237116352665123,0
71,dcml-cpe_bach_keyboard-wq56n05,bach_cpe,11914838893655090332,271,4.6920066997681484e-07,0,0.9329779210056072,0,0.9290623947287598,0
72,musedata_beethoven-bhl-qrtet-op133,beethoven_l,2090608259349952484,246,7.155501944469425e-07,0,0.9505403525376116,0,0.9470869666366072,0
73,musedata_mozart-nma-conc-k467,mozart_wa,13792217767385829829,231,6.052477544538431e-07,0,1.0468659958651148,0,1.03911745968519,0
74,kern-humdrum-haydn-symphonies-sym103,haydn_fj,11185099478490614731,216,0.04134356574353191,68658,43978.120520180375,68658,215.87398126796234,164
75,dcml-schubert_winterreise-d-911-op-89,schubert_f,5537319285046847544,288,4.947050909581163e-07,0,0.9628993243766315,0,0.9584410883591056,0
76,musedata_mozart-nma-sym-k43,mozart_wa,10605112038323185734,231,6.052477544538431e-07,0,1.0468659958651148,0,1.03911745968519,0
77,osq-13145872,schubert_f,11859689669829980325,288,4.947050909581163e-07,0,0.9628993243766315,0,0.9584410883591056,0
78,dcml_abc-n02op18-2,beethoven_l,8568302094359086997,246,1.4602468689504787e-06,1,1.4899602651837798,1,1.481661933979163,1
79,dcml-beethoven_piano_sonatas-op-106,beethoven_l,4604512856081351139,246,7.155501944469425e-07,0,0.9505403525376116,0,0.9470869666366072,0
80,dcml_mozart_sonatas-K284,mozart_wa,12528042019243658026,231,6.052477544538431e-07,0,1.0468659958651148,0,1.03911745968519,0
81,dcml-beethoven_piano_sonatas-op-106,beethoven_l,17349999207069642486,246,7.155501944469425e-07,0,0.9505403525376116,0,0.9470869666366072,0
82,dcml-cpe_bach_keyboard-wq-56-6,bach_cpe,12911417602617525069,271,4.6920066997681484e-07,0,0.9329779210056072,0,0.9290623947287598,0
83,dcml-mendelssohn_quartets-op-13,mendelssohn_f,5427108596769561729,303,4.645496229786472e-07,0,0.9262692603515973,0,0.9224789929724001,0
84,musedata_beethoven-bhl-conc-violin,beethoven_l,16097120219690753634,246,7.155501944469425e-07,0,0.9505403525376116,0,0.9470869666366072,0
85,dcml-beethoven_piano_sonatas-op-31-1,beethoven_l,5311717870332834738,246,7.155501944469425e-07,0,0.9505403525376116,0,0.9470869666366072,0
86,musedata_beethoven-bhl-orch-sym9,beethoven_l,10803418882132551059,246,0.0009889280372606397,1327,900.0759744883946,1327,202.42829637514765,77
87,musedata_beethoven-bhl-orch-sym9,beethoven_l,18283915391671619525,246,7.155501944469425e-07,0,0.9505403525376116,0,0.9470869666366072,0
88,musedata_mozart-nma-sym-k48,mozart_wa,14416667217390936403,231,6.052477544538431e-07,0,1.0468659958651148,0,1.03911745968519,0
89,musedata_beethoven-bhl-orch-sym2,beethoven_l,12096425044251578460,246,5.358901408419802e-05,71,48.99766828898166,71,41.44389273497484,24
90,osq-13145872,schubert_f,5803970496514739379,288,4.947050909581163e-07,0,0.9628993243766315,0,0.9584410883591056,0
91,osl-5004732,schubert_f,4186725024226528321,288,4.947050909581163e-07,0,0.9628993243766315,0,0.9584410883591056,0
92,kern-humdrum-haydn-quartets-op20n2,haydn_fj,11014241433835220025,216,5.785906267791844e-07,0,1.0474310079704738,0,1.0403786333908287,0
93,osq-5162489,schubert_f,4218514626733653517,288,1.0095609864012355e-06,1,1.7030364955661093,1,1.686649161458377,1
94,musedata_mozart-bhl-qrtets-k160,mozart_wa,16316959192528204731,231,6.052477544538431e-07,0,1.0468659958651148,0,1.03911745968519,0
95,dcml_abc-n05op18-5,beethoven_l,13355026778334509338,246,7.41782026497877e-06,9,8.112873345642223,9,7.835489555327872,3
96,dcml-jc_bach_sonatas-op-5,bach_jc,2283708605790022124,303,1.3077895683437717e-05,26,16.809442129913464,26,15.96965335800439,19
97,dcml-beethoven_piano_sonatas-op-110,beethoven_l,15394781524604068881,246,7.155501944469425e-07,0,0.9505403525376116,0,0.9470869666366072,0
98,musedata_mozart-bhl-qrtets-k173,mozart_wa,5488755282838604082,231,6.052477544538431e-07,0,1.0468659958651148,0,1.03911745968519,0
99,musedata_beethoven-bhl-orch-sym7,beethoven_l,11089555382084080366,246,0.0008452015790814572,1134,774.583730905457,1134,197.50843545227482,77
100,dcml-beethoven_piano_sonatas-op-81a,beethoven_l,3251578493499233293,246,7.155501944469425e-07,0,0.9505403525376116,0,0.9470869666366072,0
101,dcml-jc_bach_sonatas-op-5,bach_jc,17134696777513059609,303,0.00010136057294326365,208,145.4207480201831,208,96.93368546733987,45
102,dcml-beethoven_piano_sonatas-op-10-3,beethoven_l,1007530776709428881,246,7.155501944469425e-07,0,0.9505403525376116,0,0.9470869666366072,0
103,musedata_mozart-bhl-qrtets-k464,mozart_wa,9321329810603550862,231,6.052477544538431e-07,0,1.0468659958651148,0,1.03911745968519,0
104,musedata_beethoven-bhl-orch-sym2,beethoven_l,4962737422535300285,246,7.155501944469425e-07,0,0.9505403525376116,0,0.9470869666366072,0
105,dcml-beethoven_piano_sonatas-op-26,beethoven_l,12896871594771329615,246,7.155501944469425e-07,0,0.9505403525376116,0,0.9470869666366072,0
106,dcml-beethoven_piano_sonatas-op-106,beethoven_l,12055721867654298161,246,7.155501944469425e-07,0,0.9505403525376116,0,0.9470869666366072,0
107,musedata_beethoven-bhl-orch-sym4,beethoven_l,5853728986025012083,246,7.155501944469425e-07,0,0.9505403525376116,0,0.9470869666366072,0
108,musedata_beethoven-bhl-conc-piano2,beethoven_l,11082989705050216449,246,7.155501944469425e-07,0,0.9505403525376116,0,0.9470869666366072,0
109,musedata_mozart-bhl-conc-k466,mozart_wa,11872233654477064238,231,2.3911595456046763e-05,37,23.352770407837934,37,21.13094982220012,12
110,osq-5108607,saint-georges_jb,11185099478490614731,299,0.04099897913829171,85167,57070.85354356857,85167,298.6928946901004,229
111,kern-humdrum-haydn-quartets-op74n2,haydn_fj,5849151071497539012,216,5.785906267791844e-07,0,1.0474310079704738,0,1.0403786333908287,0
112,osl-5103429,schubert_f,2620933525951777616,288,4.947050909581163e-07,0,0.9628993243766315,0,0.9584410883591056,0
113,kern-humdrum-haydn-quartets-op64n1,haydn_fj,1865825152640898051,216,5.785906267791844e-07,0,1.0474310079704738,0,1.0403786333908287,0
114,dcml-beethoven_piano_sonatas-op-53,beethoven_l,13961194395783257781,246,7.155501944469425e-07,0,0.9505403525376116,0,0.9470869666366072,0
115,musedata_mozart-bhl-sym-k551,mozart_wa,4949534916579293866,231,6.052477544538431e-07,0,1.0468659958651148,0,1.03911745968519,0
116,osl-5101602,schubert_f,918474398620245074,288,4.947050909581163e-07,0,0.9628993243766315,0,0.9584410883591056,0
117,musedata_mozart-bhl-sym-k551,mozart_wa,17526030974709968191,231,6.052477544538431e-07,0,1.0468659958651148,0,1.03911745968519,0
118,dcml_mozart_sonatas-K309,mozart_wa,11304840437011543289,231,6.42252779669102e-05,101,68.46379819434121,101,49.140171004180345,36
119,musedata_mozart-bhl-qrtets-k285,mozart_wa,6007866318843100752,231,6.052477544538431e-07,0,1.0468659958651148,0,1.03911745968519,0
120,musedata_mozart-bhl-qrtets-k458,mozart_wa,11185099478490614731,231,0.0374973691931713,59528,36055.327383644806,59528,230.6075856859582,167
121,musedata_beethoven-bhl-orch-sym9,beethoven_l,4372973975099255643,246,0.0015735149267459157,2112,1535.9567990371572,2112,222.12555653555626,54
122,musedata_beethoven-bhl-orch-sym4,beethoven_l,8071837591136896981,246,6.673123590475234e-06,8,8.743104247631223,8,8.454445004249516,1
123,kern-humdrum-haydn-symphonies-sym099,haydn_fj,13020225774748621817,216,0.0002107318504998295,349,240.04184968339175,349,113.32413938945426,80
124,dcml_abc-n02op18-2,beethoven_l,6097902753444142206,246,3.6943368924610882e-06,4,3.108220003122292,4,3.065832777281581,1
125,osl-5004732,schubert_f,16952957102787188554,288,0.0004582015961398911,889,523.4495214534433,889,193.53004868825167,56
126,musedata_beethoven-bhl-orch-sym7,beethoven_l,11185099478490614731,246,0.03636648825622564,48833,30592.069611683513,48833,245.5724577026417,179
127,musedata_beethoven-bhl-orch-sym2,beethoven_l,11185099478490614731,246,0.03636648825622564,48833,30592.069611683513,48833,245.5724577026417,179
128,musedata_beethoven-bhl-orch-sym3,beethoven_l,9464474204557238460,246,1.560948368451767e-05,20,14.615940744308725,20,13.86612088795664,15
129,musedata_mozart-bhl-sym-k543,mozart_wa,2325445932050422067,231,0.003768044858652488,5981,3387.025299796693,5981,221.18337775025995,91
130,kern-humdrum-haydn-quartets-op33n2,haydn_fj,11902003128144412931,216,2.987223977759704e-06,4,3.0004829639153074,4,2.9595400140087373,1
131,dcml_abc-n07op59-1,beethoven_l,17366986373224460814,246,7.155501944469425e-07,0,0.9505403525376116,0,0.9470869666366072,0
132,musedata_mozart-bhl-conc-k450,mozart_wa,15385653331987468213,231,3.587971995145934e-05,56,37.560106449262385,56,31.736088963698773,25
133,musedata_beethoven-bhl-orch-sym1,beethoven_l,11185099478490614731,246,0.03636648825622564,48833,30592.069611683513,48833,245.5724577026417,179
134,dcml_mozart_sonatas-K311,mozart_wa,13221503791800669182,231,6.052477544538431e-07,0,1.0468659958651148,0,1.03911745968519,0
135,musedata_beethoven-bhl-orch-sym7,beethoven_l,1022953264864722453,246,4.439033566964624e-06,5,3.647639915768461,5,3.5874722858441728,2
136,musedata_beethoven-bhl-orch-sym1,beethoven_l,12091394290458712405,246,5.928426915971697e-06,7,4.954060333991583,7,4.862474292154436,3
137,kern-humdrum-haydn-quartets-op09n2,haydn_fj,10808052014681679880,216,5.785906267791844e-07,0,1.0474310079704738,0,1.0403786333908287,0
138,kern-humdrum-haydn-symphonies-sym102,haydn_fj,11185099478490614731,216,0.04134356574353191,68658,43978.120520180375,68658,215.87398126796234,164
139,kern-humdrum-haydn-symphonies-sym101,haydn_fj,8805356861844118697,216,5.785906267791844e-07,0,1.0474310079704738,0,1.0403786333908287,0
140,osq-13145233,schubert_f,2355877268462465005,288,4.947050909581163e-07,0,0.9628993243766315,0,0.9584410883591056,0
141,musedata_beethoven-bhl-orch-sym7,beethoven_l,11185099478490614731,246,0.03636648825622564,48833,30592.069611683513,48833,245.5724577026417,179
142,musedata_beethoven-bhl-orch-sym7,beethoven_l,11833577011316027522,246,9.651910288489378e-06,12,10.60954368688204,12,10.195318370686154,7
143,musedata_mozart-nma-conc-k467,mozart_wa,16161659831680223506,231,0.00039744305997076575,630,415.05583713027096,630,145.83710107644583,99
144,dcml-jc_bach_sonatas-op-17,bach_jc,18436375458120127293,303,4.660846463197258e-07,0,0.9275247506788965,0,0.9237116352665123,0
145,musedata_beethoven-bhl-orch-sym7,beethoven_l,5980977290912585797,246,7.155501944469425e-07,0,0.9505403525376116,0,0.9470869666366072,0
146,musedata_mozart-bhl-sym-k550,mozart_wa,14550797514676482449,231,0.00016185997779790757,256,187.01483781897943,256,93.40073158241313,48
147,musedata_beethoven-bhl-orch-sym7,beethoven_l,12771378565756071105,246,7.155501944469425e-07,0,0.9505403525376116,0,0.9470869666366072,0
148,osq-5108909,schubert_f,15305166235929773998,288,4.947050909581163e-07,0,0.9628993243766315,0,0.9584410883591056,0
149,kern-humdrum-haydn-quartets-op33n3,haydn_fj,17856771566371501801,216,3.589382315504834e-06,5,4.868312320604362,5,4.6462356168004355,1
150,dcml-beethoven_piano_sonatas-op-27-1,beethoven_l,16671488438573448182,246,7.155501944469425e-07,0,0.9505403525376116,0,0.9470869666366072,0
151,kern-humdrum-haydn-quartets-op17n3,haydn_fj,6432779641063169965,216,5.785906267791844e-07,0,1.0474310079704738,0,1.0403786333908287,0
152,dcml-jc_bach_sonatas-op-17,bach_jc,12493996299108812104,303,4.660846463197258e-07,0,0.9275247506788965,0,0.9237116352665123,0
153,dcml-beethoven_piano_sonatas-op-22,beethoven_l,3720125104915860982,246,0.0002539124195256493,340,210.85070817205238,340,115.29355043161819,42
154,osl-5004732,schubert_f,9304051889722442085,288,4.947050909581163e-07,0,0.9628993243766315,0,0.9584410883591056,0
155,kern-humdrum-haydn-quartets-op54n3,haydn_fj,13566902599329582433,216,5.785906267791844e-07,0,1.0474310079704738,0,1.0403786333908287,0
156,dcml-kozeluh_sonatas-op-30-no-1,kozeluch_l,9329723373199509901,297,4.655521583167073e-07,0,0.9264627110341267,0,0.9226400526484356,0
157,osq-5108909,schubert_f,5687656546446799105,288,1.182153479070674e-05,22,15.370494709554677,22,14.52297050086717,11
158,musedata_mozart-bhl-sym-k551,mozart_wa,6114423115468698831,231,6.052477544538431e-07,0,1.0468659958651148,0,1.03911745968519,0
159,kern-humdrum-haydn-quartets-op20n6,haydn_fj,8854902560822480218,216,7.94613328713912e-05,131,92.9746737444461,131,63.36293360897927,41
160,dcml-cpe_bach_keyboard-wq-50-3,bach_cpe,18397855023025023598,271,3.269783252138396e-05,66,44.6467457959595,66,39.024096172906916,10
161,musedata_mozart-nma-sym-k19,mozart_wa,11185099478490614731,231,0.0374973691931713,59528,36055.327383644806,59528,230.6075856859582,167
162,musedata_beethoven-bhl-orch-sym1,beethoven_l,8974310542379254908,246,1.1141303637496452e-05,14,8.502419129583991,14,8.14348188709337,2
163,musedata_mozart-bhl-sym-k550,mozart_wa,12294321245084437993,231,6.052477544538431e-07,0,1.0468659958651148,0,1.03911745968519,0
164,dcml_abc-n13op130,beethoven_l,15048644497979452113,246,7.155501944469425e-07,0,0.9505403525376116,0,0.9470869666366072,0
165,kern-humdrum-haydn-symphonies-sym100,haydn_fj,11267431196650128246,216,8.96980246130584e-05,148,104.38242540316237,148,67.85377809666106,44
166,dcml_abc-n10op74,beethoven_l,16480695499394080317,246,7.155501944469425e-07,0,0.9505403525376116,0,0.9470869666366072,0
167,dcml-jc_bach_sonatas-op-17,bach_jc,16860401917855864207,303,6.771990164878722e-06,13,11.04951544331189,13,10.522450493808279,10
168,dcml-beethoven_piano_sonatas-op-57,beethoven_l,10398494046230453279,246,7.155501944469425e-07,0,0.9505403525376116,0,0.9470869666366072,0
169,dcml-jc_bach_sonatas-op-5,bach_jc,6151754211626362839,303,4.660846463197258e-07,0,0.9275247506788965,0,0.9237116352665123,0
170,musedata_mozart-nma-sym-k73,mozart_wa,11185099478490614731,231,0.0374973691931713,59528,36055.327383644806,59528,230.6075856859582,167
171,kern-humdrum-haydn-quartets-op33n1,haydn_fj,5946056993866569966,216,5.785906267791844e-07,0,1.0474310079704738,0,1.0403786333908287,0
172,musedata_beethoven-bhl-orch-sym4,beethoven_l,7127651138963397023,246,7.155501944469425e-07,0,0.9505403525376116,0,0.9470869666366072,0
173,musedata_mozart-nma-sym-k19,mozart_wa,11185099478490614731,231,0.0374973691931713,59528,36055.327383644806,59528,230.6075856859582,167
174,kern-humdrum-haydn-quartets-op64n4,haydn_fj,14677105770085422214,216,5.785906267791844e-07,0,1.0474310079704738,0,1.0403786333908287,0
175,dcml-kozeluh_sonatas-op-26-no-1,kozeluch_l,15218377055555707064,297,4.655521583167073e-07,0,0.9264627110341267,0,0.9226400526484356,0
176,musedata_mozart-bhl-sym-k504,mozart_wa,6950864796816431459,231,6.052477544538431e-07,0,1.0468659958651148,0,1.03911745968519,0
177,musedata_beethoven-bhl-orch-sym7,beethoven_l,3015709499420211052,246,7.155501944469425e-07,0,0.9505403525376116,0,0.9470869666366072,0
178,musedata_mozart-bhl-qrtets-k421,mozart_wa,7805696917491270399,231,6.052477544538431e-07,0,1.0468659958651148,0,1.03911745968519,0
179,dcml_abc-n15op132,beethoven_l,6320181821451502146,246,7.155501944469425e-07,0,0.9505403525376116,0,0.9470869666366072,0
180,osq-5108909,schubert_f,8555042560126164715,288,4.947050909581163e-07,0,0.9628993243766315,0,0.9584410883591056,0
181,kern-humdrum-haydn-quartets-op76n4,haydn_fj,12301364521628735017,216,5.785906267791844e-07,0,1.0474310079704738,0,1.0403786333908287,0
182,dcml_mozart_sonatas-K331,mozart_wa,14497864205230856561,231,6.052477544538431e-07,0,1.0468659958651148,0,1.03911745968519,0
183,dcml_abc-n04op18-4,beethoven_l,7520863936754906557,246,0.0004199797779399379,563,387.61583034382693,563,158.4834921187953,136
184,dcml-cpe_bach_keyboard-wq-55-3,bach_cpe,5905352059222794196,271,1.0723765349969999e-05,21,16.319155362449997,21,14.97779863912885,6
185,dcml_abc-n06op18-6,beethoven_l,11596593836087628298,246,1.4602468689504787e-06,1,1.9270297909515457,1,1.912819147503196,1
186,musedata_mozart-bhl-qrtets-k168,mozart_wa,10897055611396658256,231,6.052477544538431e-07,0,1.0468659958651148,0,1.03911745968519,0
187,dcml-beethoven_piano_sonatas-op-2-2,beethoven_l,2360447974850183003,246,1.1141303637496452e-05,14,8.729999722514764,14,8.412537622924782,5
188,osq-13145830,schubert_f,14361022161898137230,288,1.5425526058808574e-05,29,20.255731763209972,29,18.8943513865647,16
189,kern-humdrum-haydn-quartets-op01n4,haydn_fj,15059129027924414619,216,5.785906267791844e-07,0,1.0474310079704738,0,1.0403786333908287,0
190,dcml-jc_bach_sonatas-op-17,bach_jc,5256762155030673565,303,4.660846463197258e-07,0,0.9275247506788965,0,0.9237116352665123,0
191,osl-5004732,schubert_f,18333386419788195107,288,1.0095609864012355e-06,1,1.9494517313465813,1,1.9310261423584096,1
192,kern-humdrum-haydn-symphonies-sym101,haydn_fj,14816471429333876953,216,5.785906267791844e-07,0,1.0474310079704738,0,1.0403786333908287,0
193,musedata_beethoven-bhl-orch-sym3,beethoven_l,7268244210290706588,246,7.155501944469425e-07,0,0.9505403525376116,0,0.9470869666366072,0
194,osq-5769894,haydn_fj,14729819665629288367,216,5.785906267791844e-07,0,1.0474310079704738,0,1.0403786333908287,0
195,musedata_mozart-bhl-sym-k504,mozart_wa,15755871035853597269,231,7.997281019771622e-05,126,68.3926513529741,126,52.85427887860082,17
196,dcml_abc-n13op130,beethoven_l,3221869704979616374,246,7.155501944469425e-07,0,0.9505403525376116,0,0.9470869666366072,0
197,osl-5004732,schubert_f,966119820142503855,288,3.5838404636168317e-06,6,4.811152122859722,6,4.720582706969979,3
198,kern-humdrum-haydn-quartets-op50n1,haydn_fj,9354366666225330942,216,5.785906267791844e-07,0,1.0474310079704738,0,1.0403786333908287,0
199,dcml-jc_bach_sonatas-op-17,bach_jc,3889945308399202948,303,5.801850854331184e-06,11,9.481413713864574,11,8.975302407518175,2
