query,work,composer,n_B,obs_occ,obs_works,pred_occ_lap,pred_occ_kn,pred_occ_hier,pred_works_lap,pred_works_kn,pred_works_hier,pred_works_df
0,dcml_abc-n07op59-1,beethoven_l,246,121,52,71.86893163550666,116.2341457864037,125.61149992998969,56.26576318207192,80.74669955545917,84.42976266577487,48.6394765594663
1,dcml_mozart_sonatas-K281,mozart_wa,231,15,4,9.415000292641984,12.322464208257635,14.463218816530025,9.049932197636345,11.702591443646213,12.390162300161094,4.404481530316948
2,dcml-beethoven_piano_sonatas-op-22,beethoven_l,246,0,0,0.9767441434944739,5.885576161436764e-07,5.405886847349796e-07,0.9730988331175744,5.885576148667582e-07,5.405886827070105e-07,6.049836129066831e-07
3,kern-humdrum-haydn-quartets-op17n5,haydn_fj,216,0,0,1.0768521539959388,0.005724589153197331,0.004888123033339475,1.0694009250832588,0.0057243430096367565,0.004887834165764882,0.005134338476903958
4,osq-5108909,schubert_f,288,0,0,0.9900881386985868,8.568495520092875e-08,1.481325449211249e-07,0.9853763063176227,8.568495590832725e-08,1.4813254500811723e-07,9.661717496804225e-08
5,dcml_abc-n09op59-3,beethoven_l,246,0,0,0.9767441434944739,6.706045672255334e-10,6.252866391077006e-10,0.9730988331175744,6.706042388060496e-10,6.252858231192704e-10,8.054849108784623e-10
6,dcml_abc-n05op18-5,beethoven_l,246,0,0,0.9767441434944739,6.019253483400705e-07,4.3180202417723235e-07,0.9730988331175744,6.01925347565313e-07,4.318020233595732e-07,6.033904194704358e-07
7,musedata_mozart-bhl-qrtets-k589,mozart_wa,231,0,0,1.0755791371670043,0.0020769760068348802,0.002923303352027009,1.0674064883778756,0.0020769302316711036,0.002923190888302618,0.0013774758124192425
8,musedata_beethoven-bhl-orch-sym1,beethoven_l,246,2,2,2.2663680711391176,1.5694718865550328,1.4885816156981222,2.2423339331661905,1.555991292963241,1.4804351937703442,1.6868359439500555
9,musedata_mozart-bhl-conc-k271,mozart_wa,231,800,110,525.1231185815504,786.9825263708535,803.6805498954327,157.8712049139999,177.60637601729505,178.0970047675235,104.13700526256646
10,dcml-beethoven_piano_sonatas-op-57,beethoven_l,246,526,53,354.6201099639785,542.1593565567564,552.3646282959429,152.78040350059678,178.87782060364043,175.20524174709323,54.0205036243883
11,kern-humdrum-haydn-quartets-op33n4,haydn_fj,216,0,0,1.0768521539959388,4.776294835203025e-05,5.9717691585906724e-05,1.0694009250832588,4.776293497699147e-05,5.9717666610947795e-05,6.857446352682753e-05
12,kern-humdrum-haydn-symphonies-sym101,haydn_fj,216,38,5,25.403236569040235,36.05268089459924,36.86488332834063,22.045143433449695,29.69731176293098,30.767234904759334,4.286354968573134
13,musedata_mozart-bhl-conc-k466,mozart_wa,231,0,0,1.0755791371670043,2.7885748435779672e-05,4.9455368231820775e-05,1.0674064883778756,2.788574359313678e-05,4.945521904065053e-05,2.8192246750027983e-05
14,musedata_beethoven-bhl-orch-sym7,beethoven_l,246,0,0,0.9767441434944739,0.00039159735605378654,0.0005549267880494429,0.9730988331175744,0.00039159668620325494,0.000554909668652015,0.00040498763856397914
15,dcml_mozart_sonatas-K281,mozart_wa,231,5,2,3.855386188991998,4.141985696214147,4.783086897623342,3.7904361248031937,4.069199118053093,4.533736725689544,2.3684131702853946
16,kern-beethoven-piano-sonatas-sonata27,beethoven_l,246,1327,77,888.73992148272,1341.218601665532,1365.4309533394191,201.89634380607046,216.48526733561886,213.449830780068,76.91995441207888
17,musedata_mozart-bhl-qrtets-k370,mozart_wa,231,0,0,1.0755791371670043,0.04063957907518541,0.04408202181268473,1.0674064883778756,0.040624864185968,0.0440721921667937,0.03195625496197056
18,musedata_mozart-bhl-qrtets-k285,mozart_wa,231,0,0,1.0755791371670043,1.4293144999702e-05,2.1728835460795017e-05,1.0674064883778756,1.4293143954846599e-05,2.1728831669176607e-05,1.7123063345999594e-05
19,kern-humdrum-haydn-quartets-op71n3,haydn_fj,216,0,0,1.0768521539959388,5.326743060869951e-09,8.820393644309657e-09,1.0694009250832588,5.326743046651927e-09,8.820393637698487e-09,5.712966405574671e-09
20,kern-humdrum-haydn-symphonies-sym100,haydn_fj,216,19,13,13.00676732619287,17.41506298376181,18.248287860019648,12.175282375391708,15.976793646413453,16.559322429078517,11.917898932455996
21,kern-humdrum-haydn-quartets-op77n2,haydn_fj,216,0,0,1.0768521539959388,1.3405097745654506e-05,2.147138987676789e-05,1.0694009250832588,1.3405096790042315e-05,2.147138733343823e-05,1.7357582854951372e-05
22,musedata_mozart-bhl-conc-k622,mozart_wa,231,0,0,1.0755791371670043,0.023550230099916927,0.034637301882249866,1.0674064883778756,0.02354705677266089,0.03462769075604122,0.040337162490220894
23,musedata_beethoven-bhl-conc-violin,beethoven_l,246,48833,179,30208.937728635377,44498.51252262182,46671.27404359565,245.55985934389997,245.83177566636985,245.55739916598156,172.47255172584724
24,musedata_mozart-bhl-qrtets-k172,mozart_wa,231,0,0,1.0755791371670043,0.0003017765936275738,0.00022551259997100761,1.0674064883778756,0.00030177552509713657,0.0002255122281221711,0.0001782856458013654
25,dcml-kozeluh_sonatas-op-17-no-1,kozeluch_l,297,0,0,0.9526196175171355,1.1127626632042978e-05,1.3431221648608165e-05,0.9485794353445447,1.112762612032192e-05,1.343122101649108e-05,1.2876703347533276e-05
26,musedata_beethoven-bhl-orch-sym8,beethoven_l,246,64,19,41.89847237765104,62.46505356725671,64.1706180650338,36.27158798612221,50.70444953365619,51.31146117388804,17.597084252659986
27,osq-5108729,gossec_fj,304,0,0,0.9453578513843517,0.09267060372136,0.12849238300499027,0.9414608738630482,0.09262701000442586,0.1284227410823956,0.07872788982167657
28,musedata_mozart-bhl-conc-k450,mozart_wa,231,0,0,1.0755791371670043,2.6386726079430176e-05,4.411878726459185e-05,1.0674064883778756,2.638672281429777e-05,4.4118775469614846e-05,2.8881399555557053e-05
29,musedata_beethoven-bhl-orch-sym6,beethoven_l,246,58,19,35.13562979446061,50.51307383273636,53.630640368486205,30.78629885996535,41.98097240765145,44.2843931114265,18.535158481097895
30,musedata_mozart-nma-sym-k43,mozart_wa,231,635,91,414.0591711593524,626.8232884395702,643.0967719067436,145.49604595995376,167.5070935766893,167.78896249362447,85.38832593737656
31,dcml-beethoven_piano_sonatas-op-53,beethoven_l,246,4,4,3.1080875610388246,4.438170436936902,4.714710709179102,3.065949910427557,4.347995083321308,4.626851941919977,4.057284169461935
32,musedata_beethoven-bhl-orch-sym9,beethoven_l,246,2,1,2.2663680711391176,1.4738495741035378,1.4489781907317398,2.2423339331661905,1.460618674248665,1.441002349915256,0.7936857886385501
33,musedata_mozart-bhl-conc-k450,mozart_wa,231,0,0,1.0755791371670043,0.2731063013078502,0.2803353114607598,1.0674064883778756,0.2726319697528602,0.27970775912641077,0.27448744720608853
34,dcml-kozeluh_sonatas-op-10-no-1,kozeluch_l,297,2,2,2.487420583270388,2.7884201765668544,2.722445357689585,2.454158056806758,2.7399344388377873,2.694004170451102,1.7208793643827374
35,musedata_beethoven-bhl-orch-sym1,beethoven_l,246,198,72,136.89677749456135,206.94556198227576,207.02866958296974,90.48641057629133,116.40180941996888,116.80377885531912,68.50712127260434
36,musedata_mozart-bhl-qrtets-k370,mozart_wa,231,0,0,1.0755791371670043,1.1078066941297616e-05,6.510869860834142e-06,1.0674064883778756,1.1078066140979281e-05,6.510869589138046e-06,9.765589407781551e-06
37,kern-humdrum-haydn-quartets-op55n2,haydn_fj,216,34,15,22.1377941097825,34.74831394983107,36.444795943288746,19.939193483698983,29.635011279697554,30.381222529062786,14.101901292815956
38,dcml-beethoven_piano_sonatas-op-10-1,beethoven_l,246,1,1,1.9447614109378595,0.20750405081340986,0.2219390097048591,1.9302543117240312,0.2073405245173412,0.22093152518360415,1.335278816638131
39,osq-5108909,schubert_f,288,1,1,1.5262529454686256,0.2448028755707351,0.29826775489660134,1.5180060017958343,0.2445589768008889,0.29771081640004593,1.037163897240596
40,dcml-beethoven_piano_sonatas-op-27-1,beethoven_l,246,414,106,285.4495260887426,432.2154566018666,431.08564873647487,138.22874352227657,165.19358655033005,165.16036200559498,104.63359742837412
41,dcml-cpe_bach_keyboard-wq117n13,bach_cpe,271,0,0,0.9594203716396555,2.0782141237798285e-06,1.7810873497211488e-06,0.9552810958437375,2.0782140943698124e-06,1.7810873316204123e-06,1.9176582316221348e-06
42,kern-humdrum-haydn-symphonies-sym102,haydn_fj,216,0,0,1.0768521539959388,0.035721063950479796,0.054710585532495144,1.0694009250832588,0.03571475040587102,0.05461702310113603,0.044179382598531464
43,kern-humdrum-haydn-quartets-op64n3,haydn_fj,216,0,0,1.0768521539959388,0.25993787703973564,0.24962836568073607,1.0694009250832588,0.259128154560454,0.24926606287762698,0.1531116097373966
44,musedata_mozart-nma-sym-k45,mozart_wa,231,0,0,1.0755791371670043,8.289043075605775e-05,6.673335733253261e-05,1.0674064883778756,8.289035612296658e-05,6.673331645246083e-05,4.741459192331326e-05
45,dcml_abc-n14op131,beethoven_l,246,1,1,1.8649304258900965,1.54409691169672,1.566747484960401,1.851396890472589,1.5342016383731183,1.5463453844471484,1.293848372403248
46,dcml_abc-n02op18-2,beethoven_l,246,0,0,0.9767441434944739,1.4106302527153248e-05,4.299242917579014e-05,0.9730988331175744,1.4106301679861488e-05,4.299218776127045e-05,1.2814187155172099e-05
47,dcml_abc-n15op132,beethoven_l,246,0,0,0.9767441434944739,1.0483761257306571e-08,1.4313276683282257e-08,0.9730988331175744,1.0483761192503493e-08,1.431327667500426e-08,1.2288988033311387e-08
48,kern-humdrum-haydn-symphonies-sym100,haydn_fj,216,0,0,1.0768521539959388,8.029964567677719e-05,5.8183734690107717e-05,1.0694009250832588,8.029960357702759e-05,5.8183714100712436e-05,6.942399593201469e-05
49,osq-5116349,arriaga_jc,302,2,1,2.0335525449689085,1.426726988755152,1.5623643983180573,2.0206198160474225,1.419477882505108,1.5493815794431207,1.0425868435371768
50,dcml-beethoven_piano_sonatas-op-110,beethoven_l,246,4,2,3.1080875610388246,2.883916058434189,3.3013634633803943,3.065949910427557,2.836951011597133,3.2583484526601167,1.8654536133523503
51,kern-humdrum-haydn-symphonies-sym101,haydn_fj,216,32,10,20.267133005671564,28.16000512115376,30.22599003864076,18.549529111639313,24.97706863997778,25.82031458314039,9.734770351355081
52,dcml_mozart_sonatas-K457,mozart_wa,231,0,0,1.0755791371670043,1.6049803284870267e-09,5.374685129641221e-09,1.0674064883778756,1.6049802598061547e-09,5.374684253212081e-09,1.5052527834715942e-09
53,osq-5108909,schubert_f,288,1258,200,903.5157980031042,1318.2945754616376,1313.1749400941085,225.44571288054877,244.57091823833142,249.76524375966451,199.63388787115684
54,kern-humdrum-haydn-quartets-op71n1,haydn_fj,216,0,0,1.0768521539959388,1.0182428598623001e-05,7.413502990341471e-06,1.0694009250832588,1.0182427295446494e-05,7.41350248523176e-06,6.378532301330384e-06
55,kern-humdrum-haydn-quartets-op54n1,haydn_fj,216,5,4,5.355429635659831,6.429479874483023,5.808852593801644,5.131381497816509,6.079278124766355,5.622397945654901,3.6322546681924175
56,osq-5116346,arriaga_jc,302,0,0,0.951782940162846,0.26725039939082956,0.3683101131504757,0.9477683226377254,0.26687489676326115,0.3678483508283925,0.23361723921379596
57,kern-beethoven-piano-sonatas-sonata27,beethoven_l,246,0,0,0.9767441434944739,1.8185091889036818e-06,2.986963878845492e-06,0.9730988331175744,1.8185091745781534e-06,2.9869636615220685e-06,1.9287362502833247e-06
58,musedata_mozart-bhl-conc-k453,mozart_wa,231,0,0,1.0755791371670043,1.8038655387620627e-09,3.959670654985562e-09,1.0674064883778756,1.803864835281388e-09,3.9596703693689506e-09,1.2907228968905794e-09
59,musedata_beethoven-bhl-orch-sym2,beethoven_l,246,0,0,0.9767441434944739,0.003512407775536212,0.00976843925006669,0.9730988331175744,0.0035123570970243545,0.00974132626438684,0.0036851830191087305
60,musedata_beethoven-bhl-orch-sym9,beethoven_l,246,0,0,0.9767441434944739,2.8420450567639253e-10,5.730594919211595e-10,0.9730988331175744,2.8420443776155935e-10,5.730584895502489e-10,2.5660351005918317e-10
61,dcml_abc-n10op74,beethoven_l,246,0,0,0.9767441434944739,0.0003110299497913795,0.00032757511796858096,0.9730988331175744,0.0003110295773038896,0.000327574715040746,0.0003468676043446957
62,musedata_beethoven-bhl-orch-sym8,beethoven_l,246,48833,179,30208.937728635377,44498.51252262182,46671.27404359565,245.55985934389997,245.83177566636985,245.55739916598156,172.47255172584724
63,musedata_mozart-bhl-qrtets-k285,mozart_wa,231,860,137,587.4493206103712,882.4425189383531,881.7172667368898,167.09517801119182,185.4571289929845,187.59625810899664,135.65851045869996
64,kern-humdrum-haydn-symphonies-sym102,haydn_fj,216,0,0,1.0768521539959388,2.428184192550698e-07,3.5882510922861444e-07,1.0694009250832588,2.4281841792817005e-07,3.5882510751594765e-07,1.836675496955894e-07
65,kern-humdrum-haydn-symphonies-sym101,haydn_fj,216,12,7,10.130196765465671,13.060290035357964,12.278360314910222,9.482292983313966,11.99995220647993,11.477892694376525,6.832113081282693
66,dcml-jc_bach_sonatas-op-17,bach_jc,303,0,0,0.953732427911133,1.6247993333719988e-06,2.043975366555877e-06,0.9497021643512937,1.6247993246398806e-06,2.04397534753209e-06,1.908214673108861e-06
67,kern-humdrum-haydn-quartets-op74n3,haydn_fj,216,0,0,1.0768521539959388,0.00044577215384269335,0.0005198397285746018,1.0694009250832588,0.0004457702581670553,0.0005198384377036458,0.0003295165376678827
68,kern-humdrum-haydn-quartets-op74n2,haydn_fj,216,0,0,1.0768521539959388,1.0445249882627413e-05,4.520976628781179e-05,1.0694009250832588,1.0445249244983579e-05,4.520951910946813e-05,9.169175998221583e-06
69,dcml_abc-n04op18-4,beethoven_l,246,0,0,0.9767441434944739,0.07164521872710583,0.06675703365329594,0.9730988331175744,0.07162460422159012,0.0667361473133784,0.030758791906056335
70,dcml-jc_bach_sonatas-op-17,bach_jc,303,0,0,0.953732427911133,0.0016917949713591046,0.0014620328110699456,0.9497021643512937,0.001691778907528585,0.0014620243836594993,0.0014202239089660972
71,dcml-cpe_bach_keyboard-wq56n05,bach_cpe,271,0,0,0.9594203716396555,2.3600524128114614e-12,4.7975244890159936e-12,0.9552810958437375,2.3600010834456953e-12,4.798605957034852e-12,2.6132841032024195e-12
72,musedata_beethoven-bhl-qrtet-op133,beethoven_l,246,0,0,0.9767441434944739,0.00011312892325294812,0.0001358563897557656,0.9730988331175744,0.0001131288723966728,0.0001358562361045701,0.0001017900136149188
73,musedata_mozart-nma-conc-k467,mozart_wa,231,0,0,1.0755791371670043,0.2682145357293636,0.3259017594496175,1.0674064883778756,0.2677297453004417,0.325227091955103,0.2823614849403836
74,kern-humdrum-haydn-symphonies-sym103,haydn_fj,216,68658,164,43446.55531739582,62950.3307398096,65584.9744694494,215.86833801689167,215.97111556408987,215.75567274004294,157.89145411065942
75,dcml-schubert_winterreise-d-911-op-89,schubert_f,288,0,0,0.9900881386985868,5.9179426451411914e-05,5.775316113236238e-05,0.9853763063176227,5.917941194277798e-05,5.7753144414696145e-05,7.287279073207916e-05
76,musedata_mozart-nma-sym-k43,mozart_wa,231,0,0,1.0755791371670043,0.0005388705288193313,0.0012777161498473686,1.0674064883778756,0.0005388685734932785,0.0012776138951787752,0.00047839208407582086
77,osq-13145872,schubert_f,288,0,0,0.9900881386985868,2.8647342651405397e-05,2.4629092747374458e-05,0.9853763063176227,2.864733906338124e-05,2.4629090445649204e-05,3.8348506352357456e-05
78,dcml_abc-n02op18-2,beethoven_l,246,1,1,1.5095799978805609,0.8263107649017238,0.7374560371315593,1.5010811387142917,0.8230016361242206,0.7354231667476357,0.9778283660214143
79,dcml-beethoven_piano_sonatas-op-106,beethoven_l,246,0,0,0.9767441434944739,1.6562925504654485e-12,1.4875361884222159e-12,0.9730988331175744,1.655675596623496e-12,1.4874768083927847e-12,1.5350888943877092e-12
80,dcml_mozart_sonatas-K284,mozart_wa,231,0,0,1.0755791371670043,0.030602987300982896,0.04156422908890442,1.0674064883778756,0.03059629674967823,0.04155578099691126,0.02713743484409486
81,dcml-beethoven_piano_sonatas-op-106,beethoven_l,246,0,0,0.9767441434944739,6.877284204753402e-07,7.580134226565454e-07,0.9730988331175744,6.877284181028287e-07,7.580134199214328e-07,5.597327964863941e-07
82,dcml-cpe_bach_keyboard-wq-56-6,bach_cpe,271,0,0,0.9594203716396555,3.4225230596109857e-07,9.243861465139712e-07,0.9552810958437375,3.4225230494122627e-07,9.243861291974298e-07,4.1562229634924e-07
83,dcml-mendelssohn_quartets-op-13,mendelssohn_f,303,0,0,0.9524799140319479,5.5602060722760267e-08,4.559580985709225e-08,0.9484734412989491,5.560206117749544e-08,4.559580968344079e-08,4.776976990508676e-08
84,musedata_beethoven-bhl-conc-violin,beethoven_l,246,0,0,0.9767441434944739,3.569721592282393e-05,6.800923739956582e-05,0.9730988331175744,3.569720280149902e-05,6.800921584559916e-05,2.138199828333311e-05
85,dcml-beethoven_piano_sonatas-op-31-1,beethoven_l,246,0,0,0.9767441434944739,0.04335473860856682,0.052656305967614093,0.9730988331175744,0.04334423228370421,0.05264417878250438,0.05243257849710313
86,musedata_beethoven-bhl-orch-sym9,beethoven_l,246,1327,77,888.73992148272,1341.218601665532,1365.4309533394191,201.89634380607046,216.48526733561886,213.449830780068,76.91995441207888
87,musedata_beethoven-bhl-orch-sym9,beethoven_l,246,0,0,0.9767441434944739,1.0245232731016562e-11,6.595080756145662e-11,0.9730988331175744,1.0245138071240945e-11,6.59508003764131e-11,1.092426810108209e-11
88,musedata_mozart-nma-sym-k48,mozart_wa,231,0,0,1.0755791371670043,0.0005569760010541488,0.00041754469623431765,1.0674064883778756,0.000556972016340529,0.00041754337729693614,0.00027938129379245004
89,musedata_beethoven-bhl-orch-sym2,beethoven_l,246,71,24,48.423518106272795,74.52424741704118,73.23977861485294,41.03218010254723,58.39368345382029,56.441518958673626,24.236844959959953
90,osq-13145872,schubert_f,288,0,0,0.9900881386985868,1.1873158784439254e-07,4.1059204612510643e-07,0.9853763063176227,1.1873158645148152e-07,4.105920445862665e-07,1.368262015993568e-07
91,osl-5004732,schubert_f,288,0,0,0.9900881386985868,0.005553393509805105,0.005798641866512451,0.9853763063176227,0.0055532606422515896,0.005798193441181709,0.0054143050117110595
92,kern-humdrum-haydn-quartets-op20n2,haydn_fj,216,0,0,1.0768521539959388,1.0266914956222486e-06,1.431495972186064e-06,1.0694009250832588,1.0266914907131053e-06,1.4314959615457923e-06,1.1684279397393286e-06
93,osq-5162489,schubert_f,288,1,1,1.7213740408380334,0.508678063071686,0.48075360232414305,1.7047104083680757,0.5067104167679272,0.47973682079693536,0.9496056867805448
94,musedata_mozart-bhl-qrtets-k160,mozart_wa,231,0,0,1.0755791371670043,1.6094727697822164e-07,1.3529696235163391e-07,1.0674064883778756,1.6094727728344083e-07,1.3529696274439118e-07,2.5575841170803576e-07
95,dcml_abc-n05op18-5,beethoven_l,246,9,3,8.04776650857903,10.25967353186432,10.119018078619517,7.775063177961776,9.803087776811402,9.001869004611734,2.9338503049874753
96,dcml-jc_bach_sonatas-op-5,bach_jc,303,26,19,16.64632223063253,26.43433142197196,27.525241924144243,15.822467577782618,24.407462246392093,24.49230866691302,19.248177498899896
97,dcml-beethoven_piano_sonatas-op-110,beethoven_l,246,0,0,0.9767441434944739,1.4745258017179544e-05,1.3411862603202505e-05,0.9730988331175744,1.4745256794124195e-05,1.341186147318929e-05,1.7729668903262253e-05
98,musedata_mozart-bhl-qrtets-k173,mozart_wa,231,0,0,1.0755791371670043,0.008563244420290593,0.006898537365755639,1.0674064883778756,0.008562850836233982,0.006898348370607876,0.011995106913372635
99,musedata_beethoven-bhl-orch-sym7,beethoven_l,246,1134,77,764.8522837481742,1149.9042320653418,1151.3012397262235,196.92226111591194,212.9774220291868,207.9154877808456,75.81514029319588
100,dcml-beethoven_piano_sonatas-op-81a,beethoven_l,246,0,0,0.9767441434944739,3.6789490251314936e-05,6.348705217540181e-05,0.9730988331175744,3.678948339325139e-05,6.348703003844491e-05,3.266632824455784e-05
101,dcml-jc_bach_sonatas-op-5,bach_jc,303,208,45,143.71920389907459,212.5651296334627,213.93464251303132,96.14754308861197,124.2691705298505,122.35605045311547,45.102250092279334
102,dcml-beethoven_piano_sonatas-op-10-3,beethoven_l,246,0,0,0.9767441434944739,0.050077836176601734,0.07150182079777101,0.9730988331175744,0.05006779021940755,0.07148049124729361,0.05333454067535412
103,musedata_mozart-bhl-qrtets-k464,mozart_wa,231,0,0,1.0755791371670043,4.638855105127224e-07,4.1100487097379185e-07,1.0674064883778756,4.63885508228401e-07,4.110048686944978e-07,3.228955159292852e-07
104,musedata_beethoven-bhl-orch-sym2,beethoven_l,246,0,0,0.9767441434944739,2.1172636025382e-08,5.900123892627913e-08,0.9730988331175744,2.1172635977784182e-08,5.900123889457376e-08,2.491529052432484e-08
105,dcml-beethoven_piano_sonatas-op-26,beethoven_l,246,0,0,0.9767441434944739,5.28983777857824e-09,1.0503331543526404e-08,0.9730988331175744,5.28983756797885e-09,1.0503331648870073e-08,4.1850469018636015e-09
106,dcml-beethoven_piano_sonatas-op-106,beethoven_l,246,0,0,0.9767441434944739,0.34927336852922924,0.2485280358130544,0.9730988331175744,0.34877943725761207,0.2482924066521034,0.33114950171000807
107,musedata_beethoven-bhl-orch-sym4,beethoven_l,246,0,0,0.9767441434944739,3.2156056369727006e-10,2.477091184001116e-10,0.9730988331175744,3.215613331164491e-10,2.4770907547377874e-10,2.4983139329864614e-10
108,musedata_beethoven-bhl-conc-piano2,beethoven_l,246,0,0,0.9767441434944739,0.03133935680607031,0.04565160658473877,0.9730988331175744,0.031332993827124844,0.0456417790445488,0.024929574308198667
109,musedata_mozart-bhl-conc-k466,mozart_wa,231,37,12,23.101889549860328,35.19398465373166,36.331236417877825,20.92466083688553,30.38538417640346,30.445596773519107,11.935712342179007
110,osq-5108607,saint-georges_jb,299,85167,229,56389.313740617676,81224.01136487782,83017.88991147437,298.68339763306597,298.8837578948622,298.65765025537496,224.14211958482838
111,kern-humdrum-haydn-quartets-op74n2,haydn_fj,216,0,0,1.0768521539959388,3.57522602585221e-07,3.1074492290748384e-07,1.0694009250832588,3.575226019680855e-07,3.107449220163261e-07,3.592236785136167e-07
112,osl-5103429,schubert_f,288,0,0,0.9900881386985868,1.7744469115741582e-06,2.6118477534691525e-06,0.9853763063176227,1.7744468997493712e-06,2.611847709887982e-06,1.782379129239267e-06
113,kern-humdrum-haydn-quartets-op64n1,haydn_fj,216,0,0,1.0768521539959388,0.1571675758663161,0.12061362090253444,1.0694009250832588,0.15699911521722942,0.12053171274326502,0.1310837148836446
114,dcml-beethoven_piano_sonatas-op-53,beethoven_l,246,0,0,0.9767441434944739,3.545021324083254e-11,1.298772730802402e-10,0.9730988331175744,3.5450198332398486e-11,1.2987766417893454e-10,2.2546167293012027e-11
115,musedata_mozart-bhl-sym-k551,mozart_wa,231,0,0,1.0755791371670043,2.06553327370512e-07,2.5084666617746587e-07,1.0674064883778756,2.0655332599872622e-07,2.5084666577246395e-07,1.50043443906198e-07
116,osl-5101602,schubert_f,288,0,0,0.9900881386985868,7.713608473564379e-10,9.505039928170642e-10,0.9853763063176227,7.713605310044613e-10,9.505032316781126e-10,9.781150769418834e-10
117,musedata_mozart-bhl-sym-k551,mozart_wa,231,0,0,1.0755791371670043,0.007633742663948345,0.00838015898970401,1.0674064883778756,0.0076332175948770065,0.00837976883431113,0.005642875956988216
118,dcml_mozart_sonatas-K309,mozart_wa,231,101,36,67.6342889272418,102.8280064005648,105.34868085998527,48.699745229610635,65.54150396555795,68.4812093095007,32.24155571683727
119,musedata_mozart-bhl-qrtets-k285,mozart_wa,231,0,0,1.0755791371670043,2.6751331166374858e-06,3.7173744118887267e-06,1.0674064883778756,2.6751330730601097e-06,3.717374145617569e-06,2.76220403657437e-06
120,musedata_mozart-bhl-qrtets-k458,mozart_wa,231,59528,167,35601.34197132676,52577.61338708412,55702.29706919788,230.59570907335143,230.8498645881244,230.58862760766542,161.5234164841737
121,musedata_beethoven-bhl-orch-sym9,beethoven_l,246,2112,54,1516.6556224909725,2285.604992047912,2266.0361763539017,221.82290480039026,229.74317099444858,228.44427798766898,57.42917972339108
122,musedata_beethoven-bhl-orch-sym4,beethoven_l,246,8,1,8.670669235440384,11.26791082534256,10.163355185767667,8.386783461148179,10.784342688035416,7.960780101665595,1.3498293688969938
123,kern-humdrum-haydn-symphonies-sym099,haydn_fj,216,349,80,237.17883644475697,352.8784308937055,357.7069279000659,112.63886152148108,135.07405511598665,134.6819980742732,75.2820346569089
124,dcml_abc-n02op18-2,beethoven_l,246,4,1,3.1080875610388246,2.8661140010860797,3.289975943953498,3.065949910427557,2.8198277642544767,3.2459217744373854,0.9350331145683939
125,osl-5004732,schubert_f,288,889,56,517.2499771567526,762.3976033224014,836.3932508769091,192.66674350786914,219.20893902040012,214.6045467113693,57.108530578713925
126,musedata_beethoven-bhl-orch-sym7,beethoven_l,246,48833,179,30208.937728635377,44498.51252262182,46671.27404359565,245.55985934389997,245.83177566636985,245.55739916598156,172.47255172584724
127,musedata_beethoven-bhl-orch-sym2,beethoven_l,246,48833,179,30208.937728635377,44498.51252262182,46671.27404359565,245.55985934389997,245.83177566636985,245.55739916598156,172.47255172584724
128,musedata_beethoven-bhl-orch-sym3,beethoven_l,246,20,15,14.471423602042975,20.13299262461759,19.66838506146445,13.73603460282826,18.733409483244294,18.185144465276505,15.691053004329076
129,musedata_mozart-bhl-sym-k543,mozart_wa,231,5981,91,3344.834263590319,4965.669804655122,5488.253694775321,221.0732858825567,223.90685899910343,221.66424701807165,93.8435617761367
130,kern-humdrum-haydn-quartets-op33n2,haydn_fj,216,4,1,3.006416453397912,2.652529692882445,3.19586459519894,2.9654498379397913,2.6102289080115293,3.13011138977033,0.9477764891309411
131,dcml_abc-n07op59-1,beethoven_l,246,0,0,0.9767441434944739,0.11250644689571317,0.13531779968868565,0.9730988331175744,0.11245585053272045,0.13524176013064204,0.14002737185772784
132,musedata_mozart-bhl-conc-k450,mozart_wa,231,56,25,37.12835269193171,55.344217426724946,56.510031104945675,31.425682328975753,43.67144248462911,42.79424155689865,25.413543262309677
133,musedata_beethoven-bhl-orch-sym1,beethoven_l,246,48833,179,30208.937728635377,44498.51252262182,46671.27404359565,245.55985934389997,245.83177566636985,245.55739916598156,172.47255172584724
134,dcml_mozart_sonatas-K311,mozart_wa,231,0,0,1.0755791371670043,0.0003189329314132999,0.0004330705867326441,1.0674064883778756,0.0003189322013329443,0.0004330696168721726,0.0002656193533069053
135,musedata_beethoven-bhl-orch-sym7,beethoven_l,246,5,2,3.640923415424913,3.7004496087679004,4.185363941074395,3.5813103947661595,3.624086118115492,4.1153960528605165,1.873659477331765
136,musedata_beethoven-bhl-orch-sym1,beethoven_l,246,7,3,4.930547343069553,5.389524355357839,5.931610426230744,4.839908064598723,5.270409101213545,5.795041543088894,2.518399722214812
137,kern-humdrum-haydn-quartets-op09n2,haydn_fj,216,0,0,1.0768521539959388,3.720171421518595e-05,5.852186587496154e-05,1.0694009250832588,3.720170700083347e-05,5.852183458721072e-05,4.359144164190684e-05
138,kern-humdrum-haydn-symphonies-sym102,haydn_fj,216,68658,164,43446.55531739582,62950.3307398096,65584.9744694494,215.86833801689167,215.97111556408987,215.75567274004294,157.89145411065942
139,kern-humdrum-haydn-symphonies-sym101,haydn_fj,216,0,0,1.0768521539959388,0.4044887762152729,0.2659455617784871,1.0694009250832588,0.4031830906572603,0.2654772151624196,0.35655146107736724
140,osq-13145233,schubert_f,288,0,0,0.9900881386985868,3.757755006697117e-11,4.90120528291361e-11,0.9853763063176227,3.7577274625277823e-11,4.901190564510216e-11,3.3161056480489663e-11
141,musedata_beethoven-bhl-orch-sym7,beethoven_l,246,48833,179,30208.937728635377,44498.51252262182,46671.27404359565,245.55985934389997,245.83177566636985,245.55739916598156,172.47255172584724
142,musedata_beethoven-bhl-orch-sym7,beethoven_l,246,12,7,10.513479660694022,16.42023828388126,15.358530140177637,10.10667394406593,15.450423402828378,14.383540473135573,6.864836899195615
143,musedata_mozart-nma-conc-k467,mozart_wa,231,630,99,409.83315262550843,619.7800014836481,636.6118064406996,145.1188706111785,167.23159808657195,167.85691473488163,94.75603775499691
144,dcml-jc_bach_sonatas-op-17,bach_jc,303,0,0,0.953732427911133,0.8212915827260576,0.7758108864947962,0.9497021643512937,0.8158893885318468,0.7732670974019703,0.6701834511949334
145,musedata_beethoven-bhl-orch-sym7,beethoven_l,246,0,0,0.9767441434944739,0.0016539691555858488,0.0013723070311810032,0.9730988331175744,0.0016539551941899822,0.0013722928508964616,0.0019351503529830844
146,musedata_mozart-bhl-sym-k550,mozart_wa,231,256,48,184.66832235929306,282.04920940707456,276.75513805716156,92.74737519926424,115.08679649494856,123.77686817324665,47.32167013655785
147,musedata_beethoven-bhl-orch-sym7,beethoven_l,246,0,0,0.9767441434944739,1.8795460097191888e-05,1.3385334041174678e-05,0.9730988331175744,1.8795458155307365e-05,1.3385333254789522e-05,1.341011288015996e-05
148,osq-5108909,schubert_f,288,0,0,0.9900881386985868,0.4489215412969709,0.40936084059126593,0.9853763063176227,0.4473935212752834,0.40862249943727713,0.3639549312465811
149,kern-humdrum-haydn-quartets-op33n3,haydn_fj,216,5,1,4.851426521595117,5.216959590807302,5.055680314157755,4.631743462897459,4.933425829586348,4.91609817158451,0.8495651165300191
150,dcml-beethoven_piano_sonatas-op-27-1,beethoven_l,246,0,0,0.9767441434944739,4.391076304969094e-05,9.300274084780159e-05,0.9730988331175744,4.391075516230192e-05,9.300256542987828e-05,3.962499439712663e-05
151,kern-humdrum-haydn-quartets-op17n3,haydn_fj,216,0,0,1.0768521539959388,3.9459443722060105e-06,3.029064611328168e-06,1.0694009250832588,3.945944257011114e-06,3.029064557291683e-06,4.200853409303268e-06
152,dcml-jc_bach_sonatas-op-17,bach_jc,303,0,0,0.953732427911133,0.018590891221463665,0.022954359507400282,0.9497021643512937,0.01858867584771562,0.02295198973336543,0.01859600373994795
153,dcml-beethoven_piano_sonatas-op-22,beethoven_l,246,340,42,208.2758004839736,324.3559970687987,350.17066165820165,114.49695685902259,144.20650117680745,151.5004815002111,39.56960458441831
154,osl-5004732,schubert_f,288,0,0,0.9900881386985868,0.0004846839100322731,0.0005996987487840625,0.9853763063176227,0.00048468259136191794,0.0005996971367574488,0.0005345749307997886
155,kern-humdrum-haydn-quartets-op54n3,haydn_fj,216,0,0,1.0768521539959388,0.6026366913509845,0.658903324497555,1.0694009250832588,0.6002719479767232,0.6557436866280735,0.5560441128031203
156,dcml-kozeluh_sonatas-op-30-no-1,kozeluch_l,297,0,0,0.9526196175171355,0.000521954778877179,0.0008671086944579211,0.9485794353445447,0.000521953653692897,0.0008671043528717393,0.0006239998216637006
157,osq-5108909,schubert_f,288,22,11,15.225249977338738,23.62369853617171,24.57335320629238,14.392877773257885,21.66001565137368,22.226650077052188,10.470139692806168
158,musedata_mozart-bhl-sym-k551,mozart_wa,231,0,0,1.0755791371670043,1.5744916725385815e-07,2.700359726934925e-07,1.0674064883778756,1.5744916737059356e-07,2.7003597202757135e-07,2.241348198146377e-07
159,kern-humdrum-haydn-quartets-op20n6,haydn_fj,216,131,41,91.89167895596563,138.6576868899208,136.60663182674352,62.841430936962006,82.57676226449497,79.8200899724499,37.92966005748011
160,dcml-cpe_bach_keyboard-wq-50-3,bach_cpe,271,66,10,44.15513607734571,62.14800207505313,63.57847755324985,38.64770648228901,51.778833629205096,49.03154108515202,10.660299669747454
161,musedata_mozart-nma-sym-k19,mozart_wa,231,59528,167,35601.34197132676,52577.61338708412,55702.29706919788,230.59570907335143,230.8498645881244,230.58862760766542,161.5234164841737
162,musedata_beethoven-bhl-orch-sym1,beethoven_l,246,14,2,8.436446104899698,11.102314009785031,12.412061204538581,8.08409474365103,10.467365725044964,11.82733887304972,2.051075150566197
163,musedata_mozart-bhl-sym-k550,mozart_wa,231,0,0,1.0755791371670043,0.20511921060802069,0.17425797629669262,1.0674064883778756,0.20468315922084346,0.1740542757208665,0.14215530875811308
164,dcml_abc-n13op130,beethoven_l,246,0,0,0.9767441434944739,0.002509616963805031,0.0018732536036899145,0.9730988331175744,0.0025095752424643125,0.0018732363243821881,0.0022907945528734368
165,kern-humdrum-haydn-symphonies-sym100,haydn_fj,216,148,44,103.16132459192042,153.9472027987058,153.7914355873518,67.31217441415419,87.12803343537065,88.80957912867403,42.3465226435582
166,dcml_abc-n10op74,beethoven_l,246,0,0,0.9767441434944739,0.005069282814833221,0.002859921153981952,0.9730988331175744,0.0050691443020176585,0.002859878120392345,0.0013718564149281867
167,dcml-jc_bach_sonatas-op-17,bach_jc,303,13,10,10.95454369277395,15.377421909220793,12.66556957778166,10.43636048253643,14.366217796746453,12.057030269327042,10.348697583098083
168,dcml-beethoven_piano_sonatas-op-57,beethoven_l,246,0,0,0.9767441434944739,0.09262472472179983,0.05913033463549548,0.9730988331175744,0.09258888970625234,0.05911698475848548,0.09797988843160077
169,dcml-jc_bach_sonatas-op-5,bach_jc,303,0,0,0.953732427911133,8.388732876756212e-08,9.806228143300614e-08,0.9497021643512937,8.388732908315433e-08,9.806228040698528e-08,1.1190254248836407e-07
170,musedata_mozart-nma-sym-k73,mozart_wa,231,59528,167,35601.34197132676,52577.61338708412,55702.29706919788,230.59570907335143,230.8498645881244,230.58862760766542,161.5234164841737
171,kern-humdrum-haydn-quartets-op33n1,haydn_fj,216,0,0,1.0768521539959388,2.7834068411891594e-07,2.4986389632614256e-07,1.0694009250832588,2.783406829465207e-07,2.4986389568493195e-07,2.324590785884658e-07
172,musedata_beethoven-bhl-orch-sym4,beethoven_l,246,0,0,0.9767441434944739,0.17724246077532554,0.21393773193268378,0.9730988331175744,0.17706483679595564,0.21375751884291938,0.12898116683316116
173,musedata_mozart-nma-sym-k19,mozart_wa,231,59528,167,35601.34197132676,52577.61338708412,55702.29706919788,230.59570907335143,230.8498645881244,230.58862760766542,161.5234164841737
174,kern-humdrum-haydn-quartets-op64n4,haydn_fj,216,0,0,1.0768521539959388,0.1223260977956095,0.10374152249905456,1.0694009250832588,0.12224908664646328,0.1036781797064441,0.12391065797122774
175,dcml-kozeluh_sonatas-op-26-no-1,kozeluch_l,297,0,0,0.9526196175171355,0.00563507054544166,0.0035802990636003137,0.9485794353445447,0.005634948367678527,0.003580257126270636,0.004965406701996713
176,musedata_mozart-bhl-sym-k504,mozart_wa,231,0,0,1.0755791371670043,0.004518927355616121,0.005467473604792413,1.0674064883778756,0.0045188338876502865,0.005467270172051508,0.005395742953731634
177,musedata_beethoven-bhl-orch-sym7,beethoven_l,246,0,0,0.9767441434944739,1.3193469002619776e-07,1.7187113670074047e-07,0.9730988331175744,1.3193468972882982e-07,1.7187113643402085e-07,7.432634718518247e-08
178,musedata_mozart-bhl-qrtets-k421,mozart_wa,231,0,0,1.0755791371670043,0.0005858724941199279,0.0005622987111174141,1.0674064883778756,0.0005858691641359437,0.0005622969846164061,0.0003663080917545733
179,dcml_abc-n15op132,beethoven_l,246,0,0,0.9767441434944739,7.409225383332846e-09,1.565724390919091e-08,0.9730988331175744,7.4092251223234484e-09,1.5657244611944066e-08,6.970557578962959e-09
180,osq-5108909,schubert_f,288,0,0,0.9900881386985868,1.4572080617731248e-05,1.4814399592607556e-05,0.9853763063176227,1.4572079617858336e-05,1.481439849837507e-05,1.876605223352724e-05
181,kern-humdrum-haydn-quartets-op76n4,haydn_fj,216,0,0,1.0768521539959388,0.006845796197249899,0.008560682488183396,1.0694009250832588,0.006845569520379513,0.008560245248902087,0.007830917900137811
182,dcml_mozart_sonatas-K331,mozart_wa,231,0,0,1.0755791371670043,1.3463200819738973e-06,1.3038317738407751e-06,1.0674064883778756,1.3463200710939205e-06,1.3038317657754206e-06,1.2572766283997849e-06
183,dcml_abc-n04op18-4,beethoven_l,246,563,136,382.7814280252446,573.5382736195794,581.3892727862345,157.6756260898362,182.0974349829463,186.59583840250832,132.3182853296864
184,dcml-cpe_bach_keyboard-wq-55-3,bach_cpe,271,21,6,16.163135623518237,22.436819866836053,21.66602861962213,14.846902452592351,19.935466120114885,19.901958884118365,6.542406482899822
185,dcml_abc-n06op18-6,beethoven_l,246,1,1,1.9408734764586757,1.266485021489021,1.133306321741348,1.926463810292021,1.2605902704178558,1.0988641056853798,1.3540379103483458
186,musedata_mozart-bhl-qrtets-k168,mozart_wa,231,0,0,1.0755791371670043,0.017113691993527334,0.017674019741903055,1.0674064883778756,0.01711018055794611,0.01767213275490309,0.01025604997704215
187,dcml-beethoven_piano_sonatas-op-2-2,beethoven_l,246,14,5,8.660398323772165,10.641516602870304,11.979414918858437,8.348423012276033,10.12743010426654,11.431317366973184,4.52197727471228
188,osq-13145830,schubert_f,288,29,16,20.052225312504646,29.470358097503443,31.533799676677038,18.716687289593338,26.68462570304024,27.410527042156527,16.166713607685487
189,kern-humdrum-haydn-quartets-op01n4,haydn_fj,216,0,0,1.0768521539959388,1.395696342082016e-06,1.1373454728780124e-06,1.0694009250832588,1.3956963140770995e-06,1.1373454612551015e-06,7.05030199840013e-07
190,dcml-jc_bach_sonatas-op-17,bach_jc,303,0,0,0.953732427911133,2.1625888934721714e-06,3.019269141858965e-06,0.9497021643512937,2.1625888559917428e-06,3.0192690764208052e-06,1.3561147198668547e-06
191,osl-5004732,schubert_f,288,1,1,1.9647884697127065,0.2576020468620564,0.2230986519960655,1.9460826545912036,0.257298786716849,0.22285760878769345,1.1603094100772147
192,kern-humdrum-haydn-symphonies-sym101,haydn_fj,216,0,0,1.0768521539959388,0.0009175874831628473,0.0010130501512056063,1.0694009250832588,0.0009175815857368486,0.0010130447814304944,0.0006876432788523896
193,musedata_beethoven-bhl-orch-sym3,beethoven_l,246,0,0,0.9767441434944739,4.166309255035228e-09,5.7512755446497865e-09,0.9730988331175744,4.166309408581981e-09,5.751274567700193e-09,3.0151775121387927e-09
194,osq-5769894,haydn_fj,216,0,0,1.0768521539959388,7.272911088048775e-05,9.905095524583116e-05,1.0694009250832588,7.272908190703031e-05,9.905088850348243e-05,7.711881465407542e-05
195,musedata_mozart-bhl-sym-k504,mozart_wa,231,126,17,67.580803207614,99.0483788726812,110.34161113509539,52.36590805409736,69.59807096378519,71.10377690177779,15.905222506685162
196,dcml_abc-n13op130,beethoven_l,246,0,0,0.9767441434944739,1.1705424931668656e-06,9.885556853022754e-07,0.9730988331175744,1.170542489048465e-06,9.885556805366846e-07,1.1676846297201913e-06
197,osl-5004732,schubert_f,288,6,3,4.792440265427042,5.289244508075651,5.4171128944908515,4.702474915752735,5.1831311135184155,5.292466873478737,2.9360330419644
198,kern-humdrum-haydn-quartets-op50n1,haydn_fj,216,0,0,1.0768521539959388,0.00015325713948343211,0.00014586794665643092,1.0694009250832588,0.00015325700822910182,0.00014586779382996795,0.00017019781573177293
199,dcml-jc_bach_sonatas-op-17,bach_jc,303,11,2,9.404385174253836,12.040694612568656,11.313462772295518,8.906882520616268,11.209872719138879,10.84898737449234,1.7737409507123088
