n,lam,loglik,pendiente,MAE_log,sesgo_log,obs_pred
4,0.0,-9.700527861218086,1.0217025707874334,0.1379860907960075,-0.029937672985256042,1.06140272425067
4,0.05,-9.345545827003754,1.021876832840857,0.13437931808239909,-0.030644470423160968,1.0582893803108329
4,0.1,-9.315665869713511,1.022022751298312,0.1311000341275395,-0.03127751049029567,1.055194247294771
4,0.15,-9.29419630554753,1.0221407162229823,0.1278212787500975,-0.03183741669782882,1.0521171658863344
4,0.2,-9.277806475904509,1.0222309537236611,0.12453734073301302,-0.032324500369489695,1.049057978622315
4,0.25,-9.265083272399846,1.022293530041643,0.1215068093551003,-0.03273876836296718,1.0460165298655857
4,0.3,-9.255276855624592,1.0223283508385506,0.11858577331490774,-0.033079922860625006,1.042992665778706
4,0.35,-9.247947886349438,1.0223351557042153,0.11578288279015116,-0.03334735335979699,1.0399862342979846
4,0.4,-9.242831201524973,1.0223135075637146,0.11328668292419457,-0.03354012048668341,1.0369970851079877
4,0.45,-9.239774153021287,1.0222627762889838,0.11114476541605417,-0.03365693071646909,1.0340250696164879
4,0.5,-9.238707187573034,1.022182115363058,0.10960258901163318,-0.03369610043881825,1.0310700409298392
4,0.55,-9.239631428344621,1.0220704298385592,0.10829056035599269,-0.033655506976343785,1.028131853828778
4,0.6,-9.242617761236925,1.0219263329786066,0.1072195482529234,-0.033532523020003126,1.0252103647446313
4,0.65,-9.247816758937576,1.0217480877140661,0.10653050154627057,-0.03332392929740446,1.0223054317359344
4,0.7,-9.25548293602701,1.0215335271402488,0.1060360562389927,-0.03302579782402483,1.0194169144654397
4,0.75,-9.266023488754778,1.021279945268268,0.10579630846396086,-0.03263333427038205,1.01654467417752
4,0.8,-9.280097286106908,1.020983944353018,0.10588500546675497,-0.03214066186935156,1.0136885736759478
4,0.85,-9.298836197418161,1.0206412168734573,0.1062617107379765,-0.031540519158791615,1.0108484773020507
4,0.9,-9.324437984370409,1.0202462257862404,0.10705371667406773,-0.03082382638851232,1.0080242509132329
4,0.95,-9.362408711933647,1.0197917201704576,0.10875586004543095,-0.029979043926432757,1.0052157618618536
4,1.0,-10.946622431706492,1.0192679721638969,0.11122648283199758,-0.028991186175350205,1.0024228789744616
5,0.0,-15.576240046108808,1.0398113076378996,0.28157308521199587,-0.14975084729961463,1.0685093417816707
5,0.05,-12.330447564560728,1.040301086006173,0.27901687962272304,-0.15001980998683323,1.0647670518571313
5,0.1,-12.279187964766832,1.0407583949299501,0.27640737287284123,-0.1501627679055274,1.0610508840357717
5,0.15,-12.244848245158638,1.0411841344182968,0.2737535539787732,-0.15018107066237513,1.0573605657608014
5,0.2,-12.219800978098439,1.041578985049063,0.27120535286211445,-0.15007546260082882,1.0536958282540796
5,0.25,-12.201077354418297,1.0419434244547183,0.2686905969572948,-0.14984610647373595,1.0500564064508606
5,0.3,-12.187179819263717,1.0422777373436358,0.26616688210897005,-0.14949259096286735,1.046442038935884
5,0.35,-12.17725990856897,1.0425820196125803,0.26457883319416864,-0.14901392248629106,1.0428524678807807
5,0.4,-12.170816850918646,1.0428561766698996,0.26411160610668594,-0.1484085006428677,1.0392874389827647
5,0.45,-12.167565976468453,1.0430999156498002,0.2636683719706737,-0.14767407544981823,1.0357467014045767
5,0.5,-12.167377241028836,1.0433127306931111,0.2635090832484666,-0.1468076830678559,1.0322300077156492
5,0.55,-12.170249247697797,1.0434938798180198,0.2636230627095785,-0.14580555474909587,1.02873711383447
5,0.6,-12.176306422027611,1.0436423509830093,0.26399144997989,-0.14466299093241852,1.0252677789721107
5,0.65,-12.185817519511811,1.0437568135524107,0.26463767119119624,-0.1433741881648546,1.0218217655768909
5,0.7,-12.199242356004223,1.0438355491572318,0.2657431642417718,-0.14193199982761176,1.0183988392801582
5,0.75,-12.217327535263685,1.0438763522418975,0.26721862344222597,-0.1403276006328077,1.0149987688431554
5,0.8,-12.241305075453894,1.0438763841145065,0.2689816488685908,-0.13855000597588157,1.011621326104943
5,0.85,-12.273348658390663,1.0438319524233066,0.27152882168426723,-0.13658536331639548,1.008266285931362
5,0.9,-12.317840742821293,1.0437381648526165,0.2748210438397986,-0.134415868510617,1.0049334261650111
5,0.95,-12.386434140048754,1.043588357768182,0.2788538144093335,-0.1320180303661661,1.0016225275762065
5,1.0,-17.803762048957566,1.0433730923168634,0.2835713830710981,-0.12935972425371717,0.9983333738149129
6,0.0,-21.93145034227583,1.0193215075734723,0.20916329318912638,-0.09611516043845388,1.0782300002976473
6,0.05,-14.928264067093195,1.0194357588107503,0.20765255293808335,-0.0974807421524595,1.0740591735910234
6,0.1,-14.857868371454012,1.0195349865483685,0.20610798571840994,-0.09875089027465693,1.0699204898668928
6,0.15,-14.812185903710759,1.019619675034275,0.2045301498253791,-0.09992732723771264,1.0658135789808407
6,0.2,-14.77955942192067,1.0196901637546132,0.20296633891336233,-0.10101118388952557,1.061738076449946
6,0.25,-14.755570025880886,1.019746651333092,0.20174534456438165,-0.10200300649807073,1.0576936233449525
6,0.3,-14.73802859096041,1.0197891935269827,0.20075903944300208,-0.10290274262267264,1.0536798661848914
6,0.35,-14.725710094992554,1.0198176946569497,0.19977505979804858,-0.10370970328067428,1.0496964568340958
6,0.4,-14.71789647095687,1.019831891049086,0.19880275867097424,-0.10442249634880398,1.0457430524015445
6,0.45,-14.714179115584226,1.0198313239772068,0.1978597488673586,-0.10503892259302998,1.0418193151424668
6,0.5,-14.714367058980363,1.019815297889923,0.19706167518914,-0.10555582027072362,1.0379249123621588
6,0.55,-14.71844776522301,1.0197828168748644,0.1966672677423196,-0.1059688353710889,1.0340595163219466
6,0.6,-14.726581638559525,1.019732487352696,0.19660549039154496,-0.10627207935985589,1.0302228041472437
6,0.65,-14.73912714122261,1.0196623658590243,0.19661432915082794,-0.10645760897061461,1.0264144577376482
6,0.7,-14.756706306161647,1.0195697130133452,0.1967140393464374,-0.10651461081615139,1.0226341636790244
6,0.75,-14.780340907655395,1.019450578035106,0.1972415249497814,-0.10642806940981106,1.0188816131575222
6,0.8,-14.811738897441598,1.0192990563095932,0.1982099220677659,-0.10617647186016496,1.0151565018754836
6,0.85,-14.853962967028625,1.019105862612037,0.199669334600359,-0.10572756983961665,1.0114585299691832
6,0.9,-14.91332491480077,1.0188553136623417,0.20162608084223432,-0.10502980848667427,1.0077874019283646
6,0.95,-15.00716043076733,1.0185180490293515,0.20405477043574463,-0.1039926788571126,1.0041428265175192
6,1.0,-24.235715053053617,1.0180297016614752,0.20704283675536644,-0.10243253058521551,1.0005245166988697
7,0.0,-26.47746093274851,1.0192952672772198,0.2605574776935309,-0.16179804743460657,1.0997296641120735
7,0.05,-17.330812736153128,1.0192636478990835,0.2592586231138462,-0.16341089645762774,1.0941476361996456
7,0.1,-17.244970540439226,1.0192258346612704,0.2579383863953782,-0.1649444652993162,1.0886219888282718
7,0.15,-17.19086461973005,1.0191821467865816,0.25659183740627145,-0.1664005878238373,1.0831518720937316
7,0.2,-17.15292294744476,1.019132857991884,0.25522993984916925,-0.167780855217795,1.0777364530888205
7,0.25,-17.125426686693995,1.019078199840462,0.25392727618844935,-0.16908663083766698,1.0723749154805642
7,0.3,-17.105598283384886,1.0190183642440738,0.2526437937566795,-0.17031906143044023,1.0670664590999932
7,0.35,-17.091903890406872,1.0189535051888914,0.2516712086598119,-0.17147908503344772,1.061810299544037
7,0.4,-17.083451915964584,1.0188837397249029,0.2507986495311445,-0.17256743572865318,1.056605667789131
7,0.45,-17.07973662015861,1.0188091482258037,0.24993434616439816,-0.17358464530539863,1.0514518098161274
7,0.5,-17.080519722029422,1.018729773893462,0.24920680717648636,-0.17453104176499992,1.0463479862461336
7,0.55,-17.085779545393276,1.0186456214447506,0.24870153242359727,-0.17540674447157265,1.041293471986905
7,0.6,-17.095702546608422,1.0185566548759364,0.2484525492270146,-0.1762116556059633,1.0362875558894358
7,0.65,-17.110712587598286,1.0184627941465982,0.24850546071816307,-0.17694544740106802,1.0313295404144083
7,0.7,-17.1315494681587,1.0183639105557496,0.2489278877663655,-0.17760754441034712,1.0264187413081731
7,0.75,-17.159433439427342,1.0182598204891329,0.24958609788004485,-0.1781970997633792,1.0215544872879418
7,0.8,-17.196413038679605,1.0181502770865436,0.2504674895855409,-0.1787129639583927,1.016736119735888
7,0.85,-17.246181404317234,1.0180349591927718,0.2515594111787317,-0.17915364418010934,1.0119629924018638
7,0.9,-17.316406400240247,1.0179134566860093,0.252826184971315,-0.17951725133210494,1.0072344711144565
7,0.95,-17.42841227261101,1.0177852508760432,0.2543088238883999,-0.179801430810082,1.002549933500099
7,1.0,-27.39555353950023,1.017649688052973,0.2558589930122792,-0.18000327131135388,0.9979087687099915
8,0.0,-29.845198559738133,1.0181374851011065,0.24551684816776514,-0.13812879862893904,1.0993148990583668
8,0.05,-20.27217110360076,1.017889977671037,0.244221190449751,-0.13992838303829186,1.0935653014776314
8,0.1,-20.170923568584104,1.0176361547934658,0.2428963647398684,-0.14165548121117716,1.0878755336578574
8,0.15,-20.108049325224027,1.017376126162626,0.241552785014521,-0.14331062508391937,1.0822446665586662
8,0.2,-20.06435398064183,1.0171099580321203,0.24019375791593323,-0.1448941269463319,1.076671790275563
8,0.25,-20.032883256151916,1.0168376726902022,0.23885381011511814,-0.14640607503325487,1.0711560135497729
8,0.3,-20.010291018654346,1.0165592470204952,0.23762877939255653,-0.1478463252221831,1.0656964632930652
8,0.35,-19.994741816880264,1.0162746100452258,0.23642236462279162,-0.14921448838626566,1.0602922841270377
8,0.4,-19.985173602927805,1.0159836392917192,0.23522771606766352,-0.1505099127339696,1.0549426379363456
8,0.45,-19.98098533354863,1.015686155750386,0.23423069764741392,-0.1517316601882427,1.0496467034353898
8,0.5,-19.981893351565848,1.015381917095473,0.23320207078550084,-0.15287847548894434,1.04440367574799
8,0.55,-19.987869834489246,1.0150706087056092,0.23213689951974245,-0.15394874619830973,1.0392127659995931
8,0.6,-19.999132479889294,1.014751831830322,0.2311496372338883,-0.15494045108291113,1.0340732009215834
8,0.65,-20.016179787600688,1.0144250879704821,0.23039086375556536,-0.1558510933319608,1.0289842224672732
8,0.7,-20.039886144812666,1.0140897581247896,0.2296730220554002,-0.15667761358258714,1.0239450874391816
8,0.75,-20.071702147167425,1.0137450749172388,0.22892751948731097,-0.15741627548091375,1.0189550671272076
8,0.8,-20.11408141581223,1.0133900846169202,0.2281910756044518,-0.15806251304364585,1.0140134469573348
8,0.85,-20.17149257314941,1.013023594433213,0.2274573654003156,-0.1586107235754876,1.009119526150506
8,0.9,-20.25334820474078,1.0126440977368294,0.22684369764482024,-0.15905398084748662,1.0042726173913294
8,0.95,-20.386430687577242,1.0122496650929902,0.2266267437193111,-0.15938362781688334,0.9994720465062896
8,1.0,-33.19853186257626,1.0118377803120946,0.22637864514546077,-0.15958868073935725,0.9947171521511389
10,0.0,-36.53918233904669,1.009702932712492,0.09513032303668244,-0.0492979154378288,1.1003089074314905
10,0.05,-25.375998773488753,1.0093840069886297,0.09476831963349952,-0.05020394234590695,1.0942870061163585
10,0.1,-25.2503045701512,1.0090618588007152,0.09440408834604945,-0.05105735369366194,1.088330660772664
10,0.15,-25.174393217067596,1.0087364638940612,0.09407107411399661,-0.05185769767006157,1.0824388067068422
10,0.2,-25.12251794938016,1.0084077148239001,0.0937563067177725,-0.05260418039117862,1.0766104021567489
10,0.25,-25.085604143242723,1.008075411853821,0.09344791930879,-0.053295628861974996,1.0708444276775944
10,0.3,-25.059362871896923,1.0077392486788128,0.09313989689972135,-0.053930437412215454,1.0651398855475045
10,0.35,-25.04146996039019,1.0073987912519455,0.09285751208639699,-0.054506492375411816,1.05949579919198
10,0.4,-25.03059039910338,1.007053446993095,0.09287722465660138,-0.05502106699421095,1.0539112126265624
10,0.45,-25.02596970437985,1.006702420051345,0.09308823377485156,-0.055470674144821236,1.0483851899170253
10,0.5,-25.027247201073344,1.0063446456057852,0.09334284665865748,-0.05585085728430985,1.0429168146564696
10,0.55,-25.034375542338694,1.0059786915123634,0.09377139183569826,-0.056155887793087944,1.0375051894586897
10,0.6,-25.047605356728276,1.0056026071037023,0.0946403898370793,-0.05637831518338192,1.0321494354672378
10,0.65,-25.067526865249924,1.0052136827246743,0.09573100829925792,-0.05650827626677809,1.026848691879612
10,0.7,-25.095185608384718,1.0048080508028214,0.09699690760638094,-0.05653238995677476,1.021602115486034
10,0.75,-25.132328715115033,1.0043799883217421,0.09843652252051478,-0.05643189744262503,1.0164088802222913
10,0.8,-25.181933694491573,1.0039206136604635,0.10004101361009711,-0.0561793267274585,1.011268176736151
10,0.85,-25.249472773922985,1.0034152340081761,0.10199853988951854,-0.05573199782162071,1.006179211966866
10,0.9,-25.34661038007944,1.0028372850108795,0.10450268189355871,-0.055017897049146995,1.0011412087373104
10,0.95,-25.50711607381253,1.002131993234836,0.10745893122975525,-0.05389969479658407,0.9961534053583101
10,1.0,-37.79781544174913,1.0011590852222885,0.11136745476515696,-0.05205704264479987,0.991215055244742
12,0.0,-41.92291797918946,1.0037684945008625,0.06793397124554101,-0.02691304825676327,1.1132177017558174
12,0.05,-29.779231734923933,1.003592138811187,0.0668329145127355,-0.026882739645066583,1.10618786211225
12,0.1,-29.637333739762628,1.00341852407257,0.0657181687543254,-0.02682820286564753,1.099246250549688
12,0.15,-29.552834651243106,1.0032476342494325,0.06458881307184802,-0.026748737042581867,1.0923912164648144
12,0.2,-29.495527248417478,1.0030794448157265,0.06344384516479894,-0.026643551818884594,1.0856211501725963
12,0.25,-29.454937661289776,1.0029139214126337,0.06228269677167748,-0.026511756751209647,1.0789344816461484
12,0.3,-29.426165772591357,1.0027510181412602,0.06119443671384537,-0.0263523486933897,1.0723296793028714
12,0.35,-29.406574500471645,1.0025906753964702,0.06039774318187677,-0.026164196724187763,1.065805248834914
12,0.4,-29.394656153143238,1.0024328171172443,0.05959223273530611,-0.0259460240495905,1.0593597320820656
12,0.45,-29.3895609640136,1.0022773472868607,0.058777188534166795,-0.025696386143146403,1.0529917059453018
12,0.5,-29.390882731229844,1.0021241454576335,0.057951808835690045,-0.02541364416258497,1.046699781339282
12,0.55,-29.398566656938165,1.0019730609925488,0.05712153448952386,-0.025095932372806364,1.0404826021821791
12,0.6,-29.412891654398475,1.0018239055983562,0.05636075451337586,-0.02474111787784562,1.0343388444212958
12,0.65,-29.434517640750443,1.0016764435535523,0.05563967346606606,-0.02434675036222131,1.0282672150930012
12,0.7,-29.464617596888715,1.001530378781881,0.05498828890584793,-0.023909998679396836,1.0222664514155828
12,0.75,-29.505159792391126,1.001385337540923,0.054335843470147444,-0.0234275698660987,1.0163353199136764
12,0.8,-29.559517224384578,1.0012408449088068,0.053809529743636474,-0.02289560428569538,1.0104726155730033
12,0.85,-29.63393570228367,1.0010962923271813,0.05360055174212617,-0.02230953774483719,1.0046771610241914
12,0.9,-29.741870294681437,1.0009508919605696,0.053535397241820576,-0.02166391695533102,0.9989478057545264
12,0.95,-29.92292473418544,1.0008036111307836,0.05354572674888272,-0.020952147509756408,0.9932834253465167
12,1.0,-44.33240931095962,1.0006530757602208,0.05368319810353906,-0.02016614154228795,0.9876829207422222
